Workbook

Sheet Foglio1
A1: Esperimento n° | B1: Categoria principale | C1: Obiettivo dell'Esperimento | D1: Tipologia | E1: Testo del Prompt (Input Completo) | F1: Syntax (0-10) | G1: Execution(0-10) | H1: Documentation(0-10) | I1: Test(0-10) | J1: Lint(0-10) | K1: Type Checking(0-10) | L1: Cyclomatic Complexity(0-10) | M1: Maintainability Index(0-10) | N1: Basic security(0-10) | O1: Performance(0-10) | P1: Totale
A2: 1 | B2: Creazione Algoritmi | C2: Ordinamento lista di dizionari | D2: Base | E2: In basic.py crea una funzione Python chiamata: "solution": per ordinare una lista di dizionari. | P2: =SUM(Tabella2[[#This Row],[Syntax (0-10)]:[Performance(0-10)]]) -> 0
A3: 1 | B3: Creazione Algoritmi | C3: Ordinamento lista di dizionari | D3: Avanzato | E3: In advanced.py crea una funzione Python chiamata "solution" per ordinare una lista di dizionari, tenendo conto della qualità del codice, di casi limite, della gestione degli errori, delle performance e della complessità | P3: =SUM(Tabella2[[#This Row],[Syntax (0-10)]:[Performance(0-10)]]) -> 0
A4: 2 | B4: Creazione Algoritmi | C4: Identificale i numeri primi fino a N | D4: Base | E4: In basic.py crea una funzione Python chiamata: "solution" per trovare i numeri primi fino a N. | P4: =SUM(Tabella2[[#This Row],[Syntax (0-10)]:[Performance(0-10)]]) -> 0
A5: 2 | B5: Creazione Algoritmi | C5: Identificale i numeri primi fino a N | D5: Avanzato | E5: In advanced.py crea una funzione Python chiamata "solution" che (utilizzando yield) implementi il Crivello di Eratostene per trovare numeri primi, ottimizzando le performance per grandi valori di N. | P5: =SUM(Tabella2[[#This Row],[Syntax (0-10)]:[Performance(0-10)]]) -> 0
A6: 3 | B6: Creazione Algoritmi | C6: Ricerca binaria. | D6: Base | E6: In basic.py crea una funzione Python chiamata: "solution" che implementa una ricerca binaria. | P6: =SUM(Tabella2[[#This Row],[Syntax (0-10)]:[Performance(0-10)]]) -> 0
A7: 3 | B7: Creazione Algoritmi | C7: Ricerca binaria. | D7: Avanzato | E7: In advanced.py crea una funzione Python chiamata "solution" che implementa la ricerca binaria che utilizzi il modulo bisect per mantenere l'efficienza e che tenga conto di casi limite, complessità e qualità del codice. | P7: =SUM(Tabella2[[#This Row],[Syntax (0-10)]:[Performance(0-10)]]) -> 0
A8: 4 | B8: String processing | C8: Verifica se una stringa è palindroma | D8: Base | E8: In basic.py crea una funzione Python chiamata: "solution" per verificare se una stringa è palindroma. | P8: =SUM(Tabella2[[#This Row],[Syntax (0-10)]:[Performance(0-10)]]) -> 0
A9: 4 | B9: String processing | C9: Verifica se una stringa è palindroma | D9: Avanzato | E9: In advanced.py crea una funzione Python chiamata "solution" che verifichi se una stringa è palindroma, ignorando differenze tra maiuscole e minuscole, tenendo conto della qualità del codice, dei casi limite, della gestione degli errori della complessità, e delle prestazioni. | P9: =SUM(Tabella2[[#This Row],[Syntax (0-10)]:[Performance(0-10)]]) -> 0
A10: 5 | B10: String processing | C10: Conteggio frequenza parole in un testo | D10: Base | E10: In basic.py crea una funzione Python chiamata: "solution" per contare la frequenza delle parole in un testo. | P10: =SUM(Tabella2[[#This Row],[Syntax (0-10)]:[Performance(0-10)]]) -> 0
A11: 5 | B11: String processing | C11: Conteggio frequenza parole in un testo | D11: Avanzato | E11: In advanced.py crea una funzione Python chiamata "solution" per contare la frequenza delle parole in un testo, normalizzando maiuscole/minuscole, rimuovendo la punteggiatura e restituendo un dizionario, tenendo conto dei casi limite, della qualità del codice e dell'efficienza e della complessità. | P11: =SUM(Tabella2[[#This Row],[Syntax (0-10)]:[Performance(0-10)]]) -> 0
A12: 6 | B12: Creazione Algoritmi | C12: Massimo comune divisore tra due numeri | D12: Base | E12: In basic.py crea una funzione Python chiamata: "solution" per trovare il massimo comune divisore tra due numeri. | P12: =SUM(Tabella2[[#This Row],[Syntax (0-10)]:[Performance(0-10)]]) -> 0
A13: 6 | B13: Creazione Algoritmi | C13: Massimo comune divisore tra due numeri | D13: Avanzato | E13: In advanced.py crea una funzione Python chiamata "solution" che calcoli il massimo comune divisore tra due interi utilizzando l'algoritmo di Euclide, gestendo input negativi, zero e casi limite, con attenzione a chiarezza, robustezza ed efficienza. | P13: =SUM(Tabella2[[#This Row],[Syntax (0-10)]:[Performance(0-10)]]) -> 0
... A21: 10 | B21: Creazione Algoritmi | C21: Generare la sequenza di Fibonacci fino a N elementi | D21: Avanzato | E21: In advanced.py crea una funzione Python chiamata "solution" per generare i primi N elementi della sequenza di Fibonacci in modo efficiente, gestendo valori limite di N, input non validi e mantenendo alta la qualità del codice e la chiarezza dell'implementazione. | P21: =SUM(Tabella2[[#This Row],[Syntax (0-10)]:[Performance(0-10)]]) -> 0

Sheet Foglio2
A1: Tabella di analisi risultati | G1: Calcolo Delta e Win rate per esperimento
A2: Sezione | B2: Indicatore | C2: Base | D2: Avanzato | E2: Differenza / Risultato | G2: Esperimento | H2: Base | I2: Avanzato | J2: Delta | K2: Win Avanzato
A3: Confronto medio generale | B3: Media complessiva | C3: =AVERAGEIF(Foglio1!D:D,"Base",Foglio1!P:P) -> 0 | D3: =AVERAGEIF(Foglio1!D:D,"Avanzato",Foglio1!P:P) -> 0 | E3: =D3-C3 -> 0 | G3: 1 | H3: =AVERAGEIFS(Foglio1!P:P,Foglio1!A:A,G3,Foglio1!D:D,"Base") -> 0 | I3: =AVERAGEIFS(Foglio1!P:P,Foglio1!A:A,G3,Foglio1!D:D,"Avanzato") -> 0 | J3: =I3-H3 -> 0 | K3: =IF(I3>H3,1,0) -> 0
A4: Win rate | B4: Esperimenti in cui Avanzato > Base | E4: =SUM(K3:K12) -> 0 | G4: 2 | H4: =AVERAGEIFS(Foglio1!P:P,Foglio1!A:A,G4,Foglio1!D:D,"Base") -> 0 | I4: =AVERAGEIFS(Foglio1!P:P,Foglio1!A:A,G4,Foglio1!D:D,"Avanzato") -> 0 | J4: =I4-H4 -> 0 | K4: =IF(I4>H4,1,0) -> 0
A5: Win rate | B5: Percentuale win rate | E5: =AVERAGE(K3:K12) -> 0 | G5: 3 | H5: =AVERAGEIFS(Foglio1!P:P,Foglio1!A:A,G5,Foglio1!D:D,"Base") -> 0 | I5: =AVERAGEIFS(Foglio1!P:P,Foglio1!A:A,G5,Foglio1!D:D,"Avanzato") -> 0 | J5: =I5-H5 -> 0 | K5: =IF(I5>H5,1,0) -> 0
A6: Analisi per metrica | B6: Syntax | C6: =AVERAGEIF(Foglio1!$D:$D,"Base",Foglio1!F:F) -> #DIV/0! | D6: =AVERAGEIF(Foglio1!$D:$D,"Avanzato",Foglio1!F:F) -> #DIV/0! | E6: =D6-C6 -> #DIV/0! | G6: 4 | H6: =AVERAGEIFS(Foglio1!P:P,Foglio1!A:A,G6,Foglio1!D:D,"Base") -> 0 | I6: =AVERAGEIFS(Foglio1!P:P,Foglio1!A:A,G6,Foglio1!D:D,"Avanzato") -> 0 | J6: =I6-H6 -> 0 | K6: =IF(I6>H6,1,0) -> 0
A7: Analisi per metrica | B7: Execution | C7: =AVERAGEIF(Foglio1!$D:$D,"Base",Foglio1!G:G) -> #DIV/0! | D7: =AVERAGEIF(Foglio1!$D:$D,"Avanzato",Foglio1!G:G) -> #DIV/0! | E7: =D7-C7 -> #DIV/0! | G7: 5 | H7: =AVERAGEIFS(Foglio1!P:P,Foglio1!A:A,G7,Foglio1!D:D,"Base") -> 0 | I7: =AVERAGEIFS(Foglio1!P:P,Foglio1!A:A,G7,Foglio1!D:D,"Avanzato") -> 0 | J7: =I7-H7 -> 0 | K7: =IF(I7>H7,1,0) -> 0
A8: Analisi per metrica | B8: Documentation | C8: =AVERAGEIF(Foglio1!$D:$D,"Base",Foglio1!H:H) -> #DIV/0! | D8: =AVERAGEIF(Foglio1!$D:$D,"Avanzato",Foglio1!H:H) -> #DIV/0! | E8: =D8-C8 -> #DIV/0! | G8: 6 | H8: =AVERAGEIFS(Foglio1!P:P,Foglio1!A:A,G8,Foglio1!D:D,"Base") -> 0 | I8: =AVERAGEIFS(Foglio1!P:P,Foglio1!A:A,G8,Foglio1!D:D,"Avanzato") -> 0 | J8: =I8-H8 -> 0 | K8: =IF(I8>H8,1,0) -> 0
A9: Analisi per metrica | B9: Test | C9: =AVERAGEIF(Foglio1!$D:$D,"Base",Foglio1!I:I) -> #DIV/0! | D9: =AVERAGEIF(Foglio1!$D:$D,"Avanzato",Foglio1!I:I) -> #DIV/0! | E9: =D9-C9 -> #DIV/0! | G9: 7 | H9: =AVERAGEIFS(Foglio1!P:P,Foglio1!A:A,G9,Foglio1!D:D,"Base") -> 0 | I9: =AVERAGEIFS(Foglio1!P:P,Foglio1!A:A,G9,Foglio1!D:D,"Avanzato") -> 0 | J9: =I9-H9 -> 0 | K9: =IF(I9>H9,1,0) -> 0
A10: Analisi per metrica | B10: Lint | C10: =AVERAGEIF(Foglio1!$D:$D,"Base",Foglio1!J:J) -> #DIV/0! | D10: =AVERAGEIF(Foglio1!$D:$D,"Avanzato",Foglio1!J:J) -> #DIV/0! | E10: =D10-C10 -> #DIV/0! | G10: 8 | H10: =AVERAGEIFS(Foglio1!P:P,Foglio1!A:A,G10,Foglio1!D:D,"Base") -> 0 | I10: =AVERAGEIFS(Foglio1!P:P,Foglio1!A:A,G10,Foglio1!D:D,"Avanzato") -> 0 | J10: =I10-H10 -> 0 | K10: =IF(I10>H10,1,0) -> 0
A11: Analisi per metrica | B11: Type Checking | C11: =AVERAGEIF(Foglio1!$D:$D,"Base",Foglio1!K:K) -> #DIV/0! | D11: =AVERAGEIF(Foglio1!$D:$D,"Avanzato",Foglio1!K:K) -> #DIV/0! | E11: =D11-C11 -> #DIV/0! | G11: 9 | H11: =AVERAGEIFS(Foglio1!P:P,Foglio1!A:A,G11,Foglio1!D:D,"Base") -> 0 | I11: =AVERAGEIFS(Foglio1!P:P,Foglio1!A:A,G11,Foglio1!D:D,"Avanzato") -> 0 | J11: =I11-H11 -> 0 | K11: =IF(I11>H11,1,0) -> 0
A12: Analisi per metrica | B12: Cyclomatic Complexity | C12: =AVERAGEIF(Foglio1!$D:$D,"Base",Foglio1!L:L) -> #DIV/0! | D12: =AVERAGEIF(Foglio1!$D:$D,"Avanzato",Foglio1!L:L) -> #DIV/0! | E12: =D12-C12 -> #DIV/0! | G12: 10 | H12: =AVERAGEIFS(Foglio1!P:P,Foglio1!A:A,G12,Foglio1!D:D,"Base") -> 0 | I12: =AVERAGEIFS(Foglio1!P:P,Foglio1!A:A,G12,Foglio1!D:D,"Avanzato") -> 0 | J12: =I12-H12 -> 0 | K12: =IF(I12>H12,1,0) -> 0
A13: Analisi per metrica | B13: Maintainability Index | C13: =AVERAGEIF(Foglio1!$D:$D,"Base",Foglio1!M:M) -> #DIV/0! | D13: =AVERAGEIF(Foglio1!$D:$D,"Avanzato",Foglio1!M:M) -> #DIV/0! | E13: =D13-C13 -> #DIV/0!
A14: Analisi per metrica | B14: Basic Security | C14: =AVERAGEIF(Foglio1!$D:$D,"Base",Foglio1!N:N) -> #DIV/0! | D14: =AVERAGEIF(Foglio1!$D:$D,"Avanzato",Foglio1!N:N) -> #DIV/0! | E14: =D14-C14 -> #DIV/0!
A15: Analisi per metrica | B15: Performance | C15: =AVERAGEIF(Foglio1!$D:$D,"Base",Foglio1!O:O) -> #DIV/0! | D15: =AVERAGEIF(Foglio1!$D:$D,"Avanzato",Foglio1!O:O) -> #DIV/0! | E15: =D15-C15 -> #DIV/0!
